facts_id,location_id,p_row_id,c_row_id,o_row_id,Sales,Quantity,Discount,Profit
1,1,1,1,1,261.96,2,0,41.9136
2,2,2,2,2,731.94,3,0,219.582
3,3,3,3,3,14.62,2,0,6.8714
4,4,4,4,4,957.5775,5,0.45,-383.031
5,5,5,5,5,22.368,2,0.2,2.5164
6,6,6,6,6,48.86,7,0,14.1694
7,7,7,7,7,7.28,4,0,1.9656
8,8,8,8,8,907.152,6,0.2,90.7152
9,9,9,9,9,18.504,3,0.2,5.7825
10,10,10,10,10,114.9,5,0,34.47
11,11,11,11,11,1706.184,9,0.2,85.3092
12,12,12,12,12,911.424,4,0.2,68.3568
13,13,13,13,13,15.552,3,0.2,5.4432
14,14,14,14,14,407.976,3,0.2,132.5922
15,15,15,15,15,68.81,5,0.8,-123.858
16,16,16,16,16,2.544,3,0.8,-3.816
17,17,17,17,17,665.88,6,0,13.3176
18,18,18,18,18,55.5,2,0,9.99
19,19,19,19,19,8.56,2,0,2.4824
20,20,20,20,20,213.48,3,0.2,16.011
21,21,21,21,21,22.72,4,0.2,7.384
22,22,22,22,22,19.46,7,0,5.0596
23,23,23,23,23,60.34,7,0,15.6884
24,24,24,24,24,71.372,2,0.3,-1.0196
25,25,25,25,25,1044.63,3,0,240.2649
26,26,26,26,26,11.648,2,0.2,4.2224
27,27,27,27,27,90.57,3,0,11.7741
28,28,28,28,28,3083.43,7,0.5,-1665.0522
29,29,29,29,29,9.618,2,0.7,-7.0532
30,30,30,30,30,124.2,3,0.2,15.525
31,31,31,31,31,3.264,2,0.2,1.1016
32,32,32,32,32,86.304,6,0.2,9.7092
33,33,33,33,33,6.858,6,0.7,-5.715
34,34,34,34,34,15.76,2,0.2,3.546
35,35,35,35,35,29.472,3,0.2,9.9468
36,36,36,36,36,1097.544,7,0.2,123.4737
37,37,37,37,37,190.92,5,0.6,-147.963
38,38,38,38,38,113.328,9,0.2,35.415
39,39,39,39,39,532.3992,3,0.32,-46.9764
40,40,40,40,40,212.058,3,0.3,-15.147
41,41,41,41,41,371.168,4,0.2,41.7564
42,42,42,42,42,147.168,4,0.2,16.5564
43,43,43,43,43,77.88,2,0,3.894
44,44,44,44,44,95.616,2,0.2,9.5616
45,45,45,45,45,45.98,2,0,19.7714
46,46,46,46,46,17.46,2,0,8.2062
47,47,47,47,47,211.96,4,0,8.4784
48,48,48,48,48,45,3,0,4.95
49,49,49,49,49,21.8,2,0,6.104
50,50,50,50,50,38.22,6,0,17.9634
51,51,51,51,51,75.18,6,0,35.3346
52,52,52,52,52,6.16,2,0,2.9568
53,53,53,53,53,89.99,1,0,17.0981
54,54,54,54,54,15.26,7,0,6.2566
55,55,55,55,55,1029.95,5,0,298.6855
56,56,56,56,56,208.56,6,0,52.14
57,57,57,57,57,32.4,5,0,15.552
58,58,58,58,58,319.41,5,0.1,7.098
59,59,59,59,59,14.56,2,0,6.9888
60,60,60,60,60,30,2,0,3.3
61,61,61,61,61,48.48,4,0.2,16.362
62,62,62,62,62,1.68,1,0,0.84
63,63,63,63,63,13.98,2,0,6.1512
64,64,64,64,64,25.824,6,0.2,9.3612
65,65,65,65,65,146.73,3,0,68.9631
66,66,66,66,66,79.76,4,0,22.3328
67,67,67,67,67,213.115,5,0.3,-15.2225
68,68,68,68,68,1113.024,8,0.2,111.3024
69,69,69,69,69,167.968,4,0.2,62.988
70,70,70,70,70,75.88,2,0,35.6636
71,71,71,71,71,4.616,1,0.2,1.731
72,72,72,72,72,19.05,3,0,8.763
73,73,73,73,73,831.936,8,0.2,-114.3912
74,74,74,74,74,97.04,2,0.2,1.213
75,75,75,75,75,72.784,1,0.2,-18.196
76,76,76,76,76,1.248,3,0.8,-1.9344
77,77,77,77,77,9.708,3,0.6,-5.8248
78,78,78,78,78,27.24,3,0.2,2.724
79,79,79,79,79,19.3,5,0.6,-14.475
80,80,80,80,80,208.16,1,0,56.2032
81,81,81,81,81,16.74,3,0,8.0352
82,82,82,82,82,14.9,5,0,4.172
83,83,83,83,83,21.39,1,0,6.2031
84,84,84,84,84,200.984,7,0.2,62.8075
85,85,85,85,85,230.376,3,0.2,-48.9549
86,86,86,86,86,301.96,2,0,33.2156
87,87,87,87,87,19.99,1,0,6.7966
88,88,88,88,88,6.16,2,0,2.9568
89,89,89,89,89,158.368,7,0.2,13.8572
90,90,90,90,90,20.1,3,0,6.633
91,91,91,91,91,73.584,2,0.2,8.2782
92,92,92,92,92,6.48,1,0,3.1104
93,93,93,93,93,12.96,2,0,6.2208
94,94,94,94,94,53.34,3,0,16.5354
95,95,95,95,95,32.96,2,0,16.1504
96,96,96,96,96,5.682,1,0.7,-3.788
97,97,97,97,97,96.53,7,0,40.5426
98,98,98,98,98,51.312,3,0.2,17.9592
99,99,99,99,99,77.88,6,0,22.5852
100,100,100,100,100,64.624,7,0.2,22.6184
101,101,101,101,101,95.976,3,0.2,-10.7973
102,102,102,102,102,1.788,3,0.8,-3.0396
103,103,103,103,103,23.92,4,0,11.7208
104,104,104,104,104,238.896,6,0.2,-26.8758
105,105,105,105,105,102.36,3,0.2,-3.8385
106,106,106,106,106,36.882,3,0.7,-25.8174
107,107,107,107,107,74.112,8,0.2,17.6016
108,108,108,108,108,27.992,1,0.2,2.0994
109,109,109,109,109,3.304,1,0.2,1.0738
110,110,110,110,110,339.96,5,0.2,67.992
111,111,111,111,111,41.96,2,0,10.9096
112,112,112,112,112,75.96,2,0,22.788
113,113,113,113,113,27.24,6,0,13.3476
114,114,114,114,114,40.096,14,0.2,14.5348
115,115,115,115,115,4.72,2,0.2,1.652
116,116,116,116,116,23.976,3,0.2,7.4925
117,117,117,117,117,130.464,6,0.2,44.0316
118,118,118,118,118,787.53,3,0,165.3813
119,119,119,119,119,157.794,1,0.7,-115.7156
120,120,120,120,120,47.04,3,0,18.3456
121,121,121,121,121,30.84,4,0,13.878
122,122,122,122,122,226.56,6,0,63.4368
123,123,123,123,123,115.02,9,0,51.759
124,124,124,124,124,68.04,7,0,19.7316
125,125,125,125,125,600.558,3,0.3,-8.5794
126,126,126,126,126,617.7,6,0.5,-407.682
127,127,127,127,127,2.388,2,0.7,-1.8308
128,128,128,128,128,243.992,7,0.2,30.499
129,129,129,129,129,81.424,2,0.2,-9.1602
130,130,130,130,130,238.56,3,0,26.2416
131,131,131,131,131,59.97,5,0.4,-11.994
132,132,132,132,132,78.304,2,0.2,29.364
133,133,133,133,133,21.456,9,0.2,6.9732
134,134,134,134,134,20.04,3,0,9.6192
135,135,135,135,135,35.44,1,0,16.6568
136,136,136,136,136,11.52,4,0,3.456
137,137,137,137,137,4.02,2,0,1.9698
138,138,138,138,138,76.176,3,0.2,26.6616
139,139,139,139,139,65.88,6,0,18.4464
140,140,140,140,140,43.12,14,0,20.6976
141,141,141,141,141,82.8,2,0.2,10.35
142,142,142,142,142,8.82,3,0,2.3814
143,143,143,143,143,10.86,3,0,5.1042
144,144,144,144,144,143.7,3,0,68.976
145,145,145,145,145,839.43,3,0,218.2518
146,146,146,146,146,671.93,7,0,20.1579
147,147,147,147,147,93.888,4,0.2,12.9096
148,148,148,148,148,384.45,11,0,103.8015
149,149,149,149,149,149.97,3,0,5.9988
150,150,150,150,150,1951.84,8,0,585.552
151,151,151,151,151,171.55,5,0,80.6285
152,152,152,152,152,157.92,5,0.2,17.766
153,153,153,153,153,203.184,2,0.2,15.2388
154,154,154,154,154,58.38,7,0,26.271
155,155,155,155,155,105.52,4,0,48.5392
156,156,156,156,156,80.88,6,0,21.0288
157,157,157,157,157,6.63,3,0,1.7901
158,158,158,158,158,457.568,2,0.2,51.4764
159,159,159,159,159,14.62,2,0,6.8714
160,160,160,160,160,944.93,7,0,236.2325
161,161,161,161,161,5.98,1,0,2.691
162,162,162,162,162,54.384,2,0.2,1.3596
163,163,163,163,163,28.4,5,0,13.348
164,164,164,164,164,27.68,2,0.2,9.688
165,165,165,165,165,9.936,3,0.2,2.7324
166,166,166,166,166,8159.952,8,0.4,-1359.992
167,167,167,167,167,275.928,3,0.2,-58.6347
168,168,168,168,168,1740.06,9,0.3,-24.858
169,169,169,169,169,32.064,6,0.2,6.8136
170,170,170,170,170,177.98,5,0.8,-453.849
171,171,171,171,171,143.976,3,0.2,8.9985
172,172,172,172,172,20.94,3,0,9.8418
173,173,173,173,173,110.96,2,0,53.2608
174,174,174,174,174,340.144,7,0.2,21.259
175,175,175,175,175,52.448,2,0.8,-131.12
176,176,176,176,176,20.16,4,0.2,6.552
177,177,177,177,177,97.264,4,0.8,-243.16
178,178,178,178,178,396.802,7,0.3,-11.3372
179,179,179,179,179,15.88,5,0.2,-3.7715
180,180,180,180,180,3.28,1,0,1.4104
181,181,181,181,181,24.816,2,0.2,1.8612
182,182,182,182,182,408.744,7,0.2,76.6395
183,183,183,183,183,503.96,4,0,131.0296
184,184,184,184,184,149.95,5,0,41.986
185,185,185,185,185,29,2,0,7.25
186,186,186,186,186,7.16,2,0,3.4368
187,187,187,187,187,176.8,8,0,22.984
188,188,188,188,188,37.224,3,0.2,3.7224
189,189,189,189,189,20.016,3,0.2,6.255
190,190,190,190,190,899.136,4,0.2,112.392
191,191,191,191,191,71.76,6,0,20.0928
192,192,192,192,192,51.84,8,0,24.8832
193,193,193,193,193,626.352,3,0.2,46.9764
194,194,194,194,194,19.9,5,0,6.567
195,195,195,195,195,14.28,7,0,6.7116
196,196,196,196,196,7.408,2,0.2,1.2038
197,197,197,197,197,6.048,3,0.2,1.5876
198,198,198,198,198,46.26,3,0,12.0276
199,199,199,199,199,2.946,2,0.7,-2.2586
200,200,200,200,200,16.056,3,0.2,5.8203
201,201,201,201,201,21.744,3,0.2,6.795
202,202,202,202,202,218.75,2,0.5,-161.875
203,203,203,203,203,2.6,1,0.2,0.2925
204,204,204,204,204,66.284,2,0.8,-178.9668
205,205,205,205,205,35.168,7,0.2,9.6712
206,206,206,206,206,444.768,4,0.2,44.4768
207,207,207,207,207,83.92,4,0,5.8744
208,208,208,208,208,131.98,2,0,35.6346
209,209,209,209,209,15.92,4,0,7.4824
210,210,210,210,210,52.29,9,0,16.2099
211,211,211,211,211,91.99,1,0,3.6796
212,212,212,212,212,20.8,2,0.2,6.5
213,213,213,213,213,23.68,2,0.2,8.88
214,214,214,214,214,452.45,5,0.5,-244.323
215,215,215,215,215,62.982,3,0.4,-14.6958
216,216,216,216,216,1188,9,0.7,-950.4
217,217,217,217,217,89.584,2,0.2,4.4792
218,218,218,218,218,93.06,6,0,26.0568
219,219,219,219,219,302.376,3,0.2,22.6782
220,220,220,220,220,5.584,2,0.2,1.8148
221,221,221,221,221,22.704,6,0.2,8.2302
222,222,222,222,222,19.776,4,0.7,-13.8432
223,223,223,223,223,72.704,4,0.2,19.0848
224,224,224,224,224,479.988,4,0.7,-383.9904
225,225,225,225,225,27.168,2,0.2,2.7168
226,226,226,226,226,2.2,1,0,0.968
227,227,227,227,227,622.45,5,0,136.939
228,228,228,228,228,21.98,1,0,0.2198
229,229,229,229,229,161.568,2,0.2,-28.2744
230,230,230,230,230,389.696,8,0.2,43.8408
231,231,231,231,231,18.648,7,0.7,-12.432
232,232,232,232,232,233.86,2,0.45,-102.048
233,233,233,233,233,620.6145,3,0.45,-248.2458
234,234,234,234,234,5.328,2,0.7,-3.552
235,235,235,235,235,258.072,3,0.2,0
236,236,236,236,236,617.976,3,0.2,-7.7247
237,237,237,237,237,10.56,2,0,4.752
238,238,238,238,238,25.92,5,0.2,9.396
239,239,239,239,239,419.68,5,0.6,-356.728
240,240,240,240,240,11.688,3,0.6,-4.6752
241,241,241,241,241,31.984,2,0.2,11.1944
242,242,242,242,242,177.225,5,0.5,-120.513
243,243,243,243,243,4.044,3,0.6,-2.8308
244,244,244,244,244,7.408,2,0.2,1.2038
245,245,245,245,245,2001.86,7,0,580.5394
246,246,246,246,246,166.72,2,0,41.68
247,247,247,247,247,47.88,6,0,23.94
248,248,248,248,248,1503.25,5,0,496.0725
249,249,249,249,249,25.92,4,0,12.4416
250,250,250,250,250,321.568,2,0.2,28.1372
251,251,251,251,251,7.61,1,0,3.5767
252,252,252,252,252,3347.37,13,0,636.0003
253,253,253,253,253,80.58,6,0,22.5624
254,254,254,254,254,361.92,4,0,162.864
255,255,255,255,255,12.132,9,0.6,-8.4924
256,256,256,256,256,82.368,2,0.2,-19.5624
257,257,257,257,257,53.92,5,0.2,4.044
258,258,258,258,258,647.904,6,0.2,56.6916
259,259,259,259,259,20.37,3,0,6.9258
260,260,260,260,260,221.55,3,0,6.6465
261,261,261,261,261,17.52,5,0.2,6.132
262,262,262,262,262,1.624,2,0.8,-4.466
263,263,263,263,263,3059.982,3,0.4,-509.997
264,264,264,264,264,2519.958,7,0.4,-251.9958
265,265,265,265,265,328.224,4,0.2,28.7196
266,266,266,266,266,79.9,2,0,35.156
267,267,267,267,267,14.016,3,0.2,4.7304
268,268,268,268,268,7.56,6,0,0.3024
269,269,269,269,269,37.208,1,0.2,-7.4416
270,270,270,270,270,57.576,3,0.2,21.591
271,271,271,271,271,725.84,4,0,210.4936
272,272,272,272,272,209.93,7,0,92.3692
273,273,273,273,273,5.28,3,0,2.3232
274,274,274,274,274,10.92,3,0.2,4.095
275,275,275,275,275,8.82,2,0,4.0572
276,276,276,276,276,5.98,1,0,1.5548
277,277,277,277,277,11.648,2,0.2,4.0768
278,278,278,278,278,18.176,4,0.2,5.9072
279,279,279,279,279,59.712,6,0.2,5.9712
280,280,280,280,280,24.84,3,0.2,8.694
281,281,281,281,281,2.08,5,0.8,-3.432
282,282,282,282,282,1114.4,7,0.2,376.11
283,283,283,283,283,1038.84,5,0.2,51.942
284,284,284,284,284,141.76,5,0.2,47.844
285,285,285,285,285,239.8,5,0.2,47.96
286,286,286,286,286,31.104,6,0.2,10.8864
287,287,287,287,287,254.058,7,0.7,-169.372
288,288,288,288,288,194.528,2,0.2,24.316
289,289,289,289,289,961.48,5,0.2,-204.3145
290,290,290,290,290,19.096,7,0.2,6.6836
291,291,291,291,291,18.496,8,0.2,6.2424
292,292,292,292,292,255.984,2,0.2,54.3966
293,293,293,293,293,86.97,3,0.5,-48.7032
294,294,294,294,294,300.416,8,0.2,78.8592
295,295,295,295,295,230.352,3,0.2,20.1558
296,296,296,296,296,218.352,3,0.2,-24.5646
297,297,297,297,297,78.6,5,0.7,-62.88
298,298,298,298,298,27.552,3,0.2,9.2988
299,299,299,299,299,32.4,5,0,15.552
300,300,300,300,300,1082.48,8,0,10.8248
301,301,301,301,301,56.91,3,0,27.3168
302,302,302,302,302,77.6,4,0,38.024
303,303,303,303,303,14.28,1,0,6.5688
304,304,304,304,304,219.075,3,0.5,-131.445
305,305,305,305,305,26.8,2,0,12.864
306,306,306,306,306,9.84,3,0,2.8536
307,307,307,307,307,45.48,3,0,20.9208
308,308,308,308,308,289.2,6,0,83.868
309,309,309,309,309,4.89,1,0,2.0049
310,310,310,310,310,15.136,4,0.2,3.5948
311,311,311,311,311,466.768,2,0.2,52.5114
312,312,312,312,312,15.232,1,0.2,1.7136
313,313,313,313,313,6.264,3,0.2,2.0358
314,314,314,314,314,87.54,3,0,37.6422
315,315,315,315,315,178.384,2,0.2,22.298
316,316,316,316,316,15.552,3,0.2,5.4432
317,317,317,317,317,99.136,4,0.2,8.6744
318,318,318,318,318,135.882,1,0.1,24.1568
319,319,319,319,319,3991.98,2,0,1995.99
320,320,320,320,320,275.94,6,0,80.0226
321,321,321,321,321,360,4,0,129.6
322,322,322,322,322,43.57,1,0,13.071
323,323,323,323,323,7.16,2,0,3.58
324,324,324,324,324,251.52,6,0.2,81.744
325,325,325,325,325,99.99,1,0,34.9965
326,326,326,326,326,15.992,1,0.2,0.9995
327,327,327,327,327,290.898,3,0.4,-67.8762
328,328,328,328,328,54.224,2,0.2,3.389
329,329,329,329,329,786.744,4,0.3,-258.5016
330,330,330,330,330,100.24,10,0.2,33.831
331,331,331,331,331,37.764,6,0.7,-27.6936
332,332,332,332,332,82.8,2,0.4,-20.7
333,333,333,333,333,20.724,2,0.7,-13.816
334,334,334,334,334,4.896,3,0.7,-3.4272
335,335,335,335,335,4.752,1,0.2,1.6038
336,336,336,336,336,959.984,2,0.2,335.9944
337,337,337,337,337,14.368,4,0.2,4.49
338,338,338,338,338,7.712,2,0.2,2.7956
339,339,339,339,339,698.352,3,0.2,-17.4588
340,340,340,340,340,4.96,4,0,2.3312
341,341,341,341,341,17.856,4,0.2,1.116
342,342,342,342,342,509.97,10,0.7,-407.976
343,343,343,343,343,30.992,13,0.2,10.0724
344,344,344,344,344,71.928,12,0.4,8.3916
345,345,345,345,345,88.8,4,0.2,-2.22
346,346,346,346,346,47.976,3,0.2,4.7976
347,347,347,347,347,7.56,3,0,3.0996
348,348,348,348,348,24.56,2,0,11.5432
349,349,349,349,349,12.96,2,0,4.1472
350,350,350,350,350,6.79,1,0,2.3086
351,351,351,351,351,24.56,2,0,11.5432
352,352,352,352,352,3.048,1,0.2,1.0668
353,353,353,353,353,49.12,4,0,23.0864
354,354,354,354,354,4355.168,4,0.2,1415.4296
355,355,355,355,355,388.704,6,0.2,-4.8588
356,356,356,356,356,8.26,2,0,3.7996
357,357,357,357,357,17.04,4,0,6.9864
358,358,358,358,358,34.4,5,0,15.824
359,359,359,359,359,36.24,5,0.2,11.325
360,360,360,360,360,647.84,8,0,168.4384
361,361,361,361,361,20.7,2,0,9.936
362,362,362,362,362,20.7,2,0,9.936
363,363,363,363,363,488.646,3,0.1,86.8704
364,364,364,364,364,5.56,2,0,1.4456
365,365,365,365,365,47.12,8,0,20.7328
366,366,366,366,366,211.96,4,0,8.4784
367,367,367,367,367,23.2,4,0,10.44
368,368,368,368,368,7.36,2,0,0.1472
369,369,369,369,369,104.79,7,0,29.3412
370,370,370,370,370,1043.92,4,0,271.4192
371,371,371,371,371,25.92,5,0.2,9.396
372,372,372,372,372,53.424,3,0.2,4.6746
373,373,373,373,373,8.16,5,0.7,-5.712
374,374,374,374,374,1023.936,8,0.2,179.1888
375,375,375,375,375,9.24,1,0.2,0.924
376,376,376,376,376,479.04,10,0.2,-29.94
377,377,377,377,377,99.136,4,0.2,30.98
378,378,378,378,378,1488.424,7,0.3,-297.6848
379,379,379,379,379,8.652,3,0.8,-20.3322
380,380,380,380,380,23.832,3,0.2,2.6811
381,381,381,381,381,12.176,4,0.8,-18.8728
382,382,382,382,382,50.96,7,0,25.48
383,383,383,383,383,49.536,3,0.2,17.3376
384,384,384,384,384,41.9,2,0,8.799
385,385,385,385,385,375.4575,3,0.45,-157.0095
386,386,386,386,386,83.976,3,0.2,-1.0497
387,387,387,387,387,482.34,4,0.7,-337.638
388,388,388,388,388,2.96,1,0.2,0.777
389,389,389,389,389,2.624,1,0.2,0.4264
390,390,390,390,390,23.36,4,0.2,7.884
391,391,391,391,391,39.98,2,0,13.5932
392,392,392,392,392,246.384,2,0.2,27.7182
393,393,393,393,393,1799.97,3,0,701.9883
394,394,394,394,394,12.462,3,0.8,-20.5623
395,395,395,395,395,75.792,3,0.2,25.5798
396,396,396,396,396,49.96,2,0,9.4924
397,397,397,397,397,12.96,2,0,6.2208
398,398,398,398,398,70.12,4,0,21.036
399,399,399,399,399,35.952,3,0.2,3.5952
400,400,400,400,400,2396.2656,4,0.32,-317.1528
401,401,401,401,401,131.136,4,0.2,-32.784
402,402,402,402,402,57.584,2,0.2,0.7198
403,403,403,403,403,9.568,2,0.2,3.4684
404,404,404,404,404,39.072,6,0.2,9.768
405,405,405,405,405,35.91,3,0,9.6957
406,406,406,406,406,179.95,5,0,37.7895
407,407,407,407,407,1199.976,3,0.2,434.9913
408,408,408,408,408,27.15,5,0,13.3035
409,409,409,409,409,1004.024,7,0.2,-112.9527
410,410,410,410,410,9.68,1,0,4.6464
411,411,411,411,411,28.35,9,0,13.608
412,412,412,412,412,55.98,1,0,27.4302
413,413,413,413,413,1336.829,13,0.15,31.4548
414,414,414,414,414,113.568,2,0.2,-18.4548
415,415,415,415,415,139.86,7,0,65.7342
416,416,416,416,416,307.136,4,0.2,26.8744
417,417,417,417,417,95.92,8,0,25.8984
418,418,418,418,418,383.8,5,0.2,38.38
419,419,419,419,419,5.78,1,0,2.8322
420,420,420,420,420,9.32,4,0,2.7028
421,421,421,421,421,15.25,1,0,7.015
422,422,422,422,422,196.752,6,0.2,56.5662
423,423,423,423,423,56.56,4,0,14.7056
424,424,424,424,424,32.7,3,0,8.502
425,425,425,425,425,866.4,4,0,225.264
426,426,426,426,426,28.4,2,0,11.076
427,427,427,427,427,287.92,8,0,138.2016
428,428,428,428,428,69.99,1,0,30.0957
429,429,429,429,429,6.672,6,0.2,0.5004
430,430,430,430,430,189.588,2,0.7,-145.3508
431,431,431,431,431,408.744,7,0.2,76.6395
432,432,432,432,432,291.96,5,0.2,54.7425
433,433,433,433,433,4.768,2,0.2,-0.7748
434,434,434,434,434,714.3,5,0,207.147
435,435,435,435,435,4.812,2,0.7,-3.6892
436,436,436,436,436,247.8,5,0.2,-18.585
437,437,437,437,437,1007.979,3,0.3,43.1991
438,438,438,438,438,313.488,7,0.2,113.6394
439,439,439,439,439,31.872,8,0.2,11.5536
440,440,440,440,440,207.846,3,0.1,2.3094
441,441,441,441,441,12.22,1,0,3.666
442,442,442,442,442,194.94,3,0,23.3928
443,443,443,443,443,70.95,3,0,20.5755
444,444,444,444,444,91.36,4,0,42.0256
445,445,445,445,445,242.94,3,0,29.1528
446,446,446,446,446,22.05,7,0,10.584
447,447,447,447,447,2.91,1,0,1.3677
448,448,448,448,448,59.52,3,0,15.4752
449,449,449,449,449,161.94,3,0,9.7164
450,450,450,450,450,263.88,6,0,71.2476
451,451,451,451,451,30.48,3,0,7.9248
452,452,452,452,452,9.84,3,0,2.8536
453,453,453,453,453,35.12,4,0,9.1312
454,454,454,454,454,284.364,2,0.4,-75.8304
455,455,455,455,455,665.408,2,0.2,66.5408
456,456,456,456,456,63.88,4,0,24.9132
457,457,457,457,457,129.568,2,0.2,-24.294
458,458,458,458,458,747.558,3,0.3,-96.1146
459,459,459,459,459,8.928,2,0.2,3.348
460,460,460,460,460,103.92,4,0,36.372
461,461,461,461,461,899.91,9,0,377.9622
462,462,462,462,462,51.312,3,0.2,18.6006
463,463,463,463,463,23.56,5,0.2,7.068
464,464,464,464,464,1272.63,6,0.5,-814.4832
465,465,465,465,465,28.485,5,0.7,-20.889
466,466,466,466,466,185.376,2,0.2,-34.758
467,467,467,467,467,78.272,2,0.2,5.8704
468,468,468,468,468,254.744,7,0.6,-312.0614
469,469,469,469,469,205.3328,2,0.32,-36.2352
470,470,470,470,470,4.788,3,0.8,-7.9002
471,471,471,471,471,55.48,1,0,26.6304
472,472,472,472,472,340.92,3,0,3.4092
473,473,473,473,473,222.666,2,0.15,10.4784
474,474,474,474,474,703.968,4,0.2,87.996
475,475,475,475,475,92.52,6,0,24.9804
476,476,476,476,476,62.65,7,0,28.819
477,477,477,477,477,94.85,5,0,45.528
478,478,478,478,478,95.76,6,0.2,7.182
479,479,479,479,479,40.2,3,0,19.296
480,480,480,480,480,14.7,5,0,6.615
481,481,481,481,481,704.25,5,0,84.51
482,482,482,482,482,9.09,3,0,1.9089
483,483,483,483,483,5.96,2,0,1.6688
484,484,484,484,484,159.98,2,0,57.5928
485,485,485,485,485,29.6,2,0,14.8
486,486,486,486,486,514.165,5,0.15,-30.245
487,487,487,487,487,279.96,5,0.2,17.4975
488,488,488,488,488,2735.952,6,0.2,341.994
489,489,489,489,489,7.992,1,0.2,0.5994
490,490,490,490,490,63.984,2,0.2,10.3974
491,491,491,491,491,70.368,2,0.2,6.1572
492,492,492,492,492,449.15,5,0,8.983
493,493,493,493,493,11.07,3,0,5.0922
494,494,494,494,494,93.98,2,0,13.1572
495,495,495,495,495,189.882,3,0.4,-94.941
496,496,496,496,496,105.42,2,0,51.6558
497,497,497,497,497,119.616,8,0.2,40.3704
498,498,498,498,498,255.76,4,0,81.8432
499,499,499,499,499,241.568,2,0.2,18.1176
500,500,500,500,500,69.3,9,0,22.869
501,501,501,501,501,22.62,2,0.7,-15.08
502,502,502,502,502,14.952,2,0.7,-11.9616
503,503,503,503,503,801.568,2,0.2,50.098
504,504,504,504,504,2.376,3,0.7,-1.9008
505,505,505,505,505,32.792,1,0.2,11.8871
506,506,506,506,506,15.92,5,0.2,5.373
507,507,507,507,507,2.74,1,0,0.7398
508,508,508,508,508,8.34,3,0,2.1684
509,509,509,509,509,46.74,3,0,11.685
510,510,510,510,510,6354.95,5,0,3177.475
511,511,511,511,511,126.3,3,0,40.416
512,512,512,512,512,38.04,2,0,12.1728
513,513,513,513,513,7.152,3,0.2,0.7152
514,514,514,514,514,6.63,3,0,1.7901
515,515,515,515,515,5.88,2,0,1.7052
516,516,516,516,516,2999.95,5,0,1379.977
517,517,517,517,517,51.45,3,0,13.8915
518,518,518,518,518,11.96,2,0,5.382
519,519,519,519,519,1126.02,3,0,56.301
520,520,520,520,520,18.392,1,0.2,5.2877
521,521,521,521,521,129.568,2,0.2,-25.9136
522,522,522,522,522,14.112,9,0.8,-21.168
523,523,523,523,523,210.98,2,0,21.098
524,524,524,524,524,55.176,3,0.2,-12.4146
525,525,525,525,525,66.26,2,0,27.1666
526,526,526,526,526,22.2,5,0,10.434
527,527,527,527,527,683.952,3,0.2,42.747
528,528,528,528,528,45.696,3,0.2,5.1408
529,529,529,529,529,36.336,3,0.2,-7.2672
530,530,530,530,530,666.248,1,0.2,-149.9058
531,531,531,531,531,52.512,6,0.2,19.692
532,532,532,532,532,190.72,1,0.2,11.92
533,533,533,533,533,47.94,3,0,2.397
534,534,534,534,534,979.95,5,0,274.386
535,535,535,535,535,22.75,5,0,11.375
536,536,536,536,536,16.768,2,0.2,1.4672
537,537,537,537,537,42.616,7,0.8,-68.1856
538,538,538,538,538,10.752,4,0.2,3.36
539,539,539,539,539,152.94,3,0,41.2938
540,540,540,540,540,283.92,4,0,70.98
541,541,541,541,541,468.9,6,0,206.316
542,542,542,542,542,380.864,8,0.2,38.0864
543,543,543,543,543,646.776,9,0.2,-145.5246
544,544,544,544,544,58.112,2,0.2,7.264
545,545,545,545,545,100.792,1,0.2,6.2995
546,546,546,546,546,66.112,4,0.6,-84.2928
547,547,547,547,547,41.28,6,0.2,13.932
548,548,548,548,548,13.36,2,0,6.4128
549,549,549,549,549,250.272,9,0.2,15.642
550,550,550,550,550,11.364,3,0.8,-17.046
551,551,551,551,551,8.72,5,0.2,-1.744
552,552,552,552,552,1121.568,2,0.2,0
553,553,553,553,553,34.504,1,0.2,6.0382
554,554,554,554,554,10.824,3,0.2,2.5707
555,555,555,555,555,1295.78,2,0,310.9872
556,556,556,556,556,19.456,4,0.2,3.4048
557,557,557,557,557,20.7,2,0,9.936
558,558,558,558,558,1335.68,4,0.2,-217.048
559,559,559,559,559,32.4,5,0,15.552
560,560,560,560,560,42.6,3,0,16.614
561,561,561,561,561,84.056,7,0.2,27.3182
562,562,562,562,562,13,5,0.2,1.3
563,563,563,563,563,13.128,3,0.2,3.7743
564,564,564,564,564,3.96,2,0,0
565,565,565,565,565,2.61,1,0,1.2006
566,566,566,566,566,374.376,3,0.2,46.797
567,567,567,567,567,91.84,8,0,45.0016
568,568,568,568,568,81.088,7,0.2,27.3672
569,569,569,569,569,19.44,3,0,9.3312
570,570,570,570,570,451.152,3,0.2,0
571,571,571,571,571,72.45,7,0,34.776
572,572,572,572,572,13.96,4,0,6.4216
573,573,573,573,573,33.264,7,0.2,11.2266
574,574,574,574,574,14.85,3,0,4.0095
575,575,575,575,575,8.82,3,0,2.3814
576,576,576,576,576,160.72,14,0,78.7528
577,577,577,577,577,19.92,4,0,9.7608
578,578,578,578,578,7.3,2,0,2.19
579,579,579,579,579,69.712,2,0.2,8.714
580,580,580,580,580,8.792,1,0.6,-5.7148
581,581,581,581,581,51.52,4,0,1.5456
582,582,582,582,582,470.376,3,0.2,52.9173
583,583,583,583,583,105.584,2,0.2,9.2386
584,584,584,584,584,31.152,3,0.2,3.5046
585,585,585,585,585,6.783,7,0.7,-4.7481
586,586,586,586,586,406.368,4,0.2,30.4776
587,587,587,587,587,70.98,1,0,4.9686
588,588,588,588,588,294.93,3,0,144.5157
589,589,589,589,589,84.784,2,0.2,-20.1362
590,590,590,590,590,20.736,4,0.2,7.2576
591,591,591,591,591,16.821,3,0.7,-12.8961
592,592,592,592,592,10.368,2,0.2,3.6288
593,593,593,593,593,9.344,2,0.2,1.168
594,594,594,594,594,31.2,3,0.2,9.75
595,595,595,595,595,76.12,2,0,22.0748
596,596,596,596,596,1199.976,3,0.2,434.9913
597,597,597,597,597,445.96,5,0.2,55.745
598,598,598,598,598,327.76,8,0,91.7728
599,599,599,599,599,11.632,2,0.2,1.0178
600,600,600,600,600,143.982,3,0.4,-28.7964
601,601,601,601,601,494.376,4,0.4,-115.3544
602,602,602,602,602,5.84,2,0.2,0.73
603,603,603,603,603,142.776,1,0.2,17.847
604,604,604,604,604,45.696,3,0.2,5.1408
605,605,605,605,605,7.218,3,0.7,-5.5338
606,606,606,606,606,43.188,4,0.7,-31.6712
607,607,607,607,607,131.904,3,0.2,47.8152
608,608,608,608,608,3.282,2,0.7,-2.6256
609,609,609,609,609,21.168,9,0.2,2.3814
610,610,610,610,610,55.188,2,0.4,-10.1178
611,611,611,611,611,369.576,3,0.2,41.5773
612,612,612,612,612,15.712,4,0.2,5.6956
613,613,613,613,613,8.448,2,0.2,2.64
614,614,614,614,614,728.946,9,0.4,-157.9383
615,615,615,615,615,119.94,10,0.4,15.992
616,616,616,616,616,3.648,2,0.7,-2.7968
617,617,617,617,617,40.48,2,0,15.7872
618,618,618,618,618,9.94,2,0,3.0814
619,619,619,619,619,107.424,9,0.2,33.57
620,620,620,620,620,37.91,1,0,10.9939
621,621,621,621,621,88.02,3,0,27.2862
622,622,622,622,622,8.69,5,0.8,-14.773
623,623,623,623,623,301.96,2,0,87.5684
624,624,624,624,624,555.21,5,0.1,178.901
625,625,625,625,625,523.48,4,0,130.87
626,626,626,626,626,161.82,9,0,46.9278
627,627,627,627,627,35.56,7,0,12.0904
628,628,628,628,628,97.16,2,0,28.1764
629,629,629,629,629,15.24,5,0.2,5.1435
630,630,630,630,630,13.23,3,0,6.0858
631,631,631,631,631,243.384,3,0.2,-51.7191
632,632,632,632,632,119.8,5,0.2,29.95
633,633,633,633,633,300.768,4,0.2,30.0768
634,634,634,634,634,17.88,3,0.2,2.4585
635,635,635,635,635,235.944,3,0.2,85.5297
636,636,636,636,636,392.94,3,0,43.2234
637,637,637,637,637,18.882,3,0.7,-13.8468
638,638,638,638,638,122.328,3,0.2,12.2328
639,639,639,639,639,1049.2,5,0,272.792
640,640,640,640,640,15.424,4,0.2,5.0128
641,641,641,641,641,18.84,3,0,6.0288
642,642,642,642,642,330.4,2,0,85.904
643,643,643,643,643,26.25,7,0,12.6
644,644,644,644,644,132.52,4,0,54.3332
645,645,645,645,645,6.48,1,0,3.1752
646,646,646,646,646,209.3,2,0,56.511
647,647,647,647,647,31.56,5,0.2,9.8625
648,648,648,648,648,30.144,2,0.2,3.0144
649,649,649,649,649,14.8,4,0,6.068
650,650,650,650,650,302.376,3,0.2,22.6782
651,651,651,651,651,316,4,0,31.6
652,652,652,652,652,379.4,10,0,178.318
653,653,653,653,653,97.82,2,0,45.9754
654,654,654,654,654,103.12,8,0,10.312
655,655,655,655,655,113.552,2,0.2,8.5164
656,656,656,656,656,3.318,2,0.7,-2.6544
657,657,657,657,657,134.288,2,0.2,45.3222
658,658,658,658,658,701.372,2,0.3,-50.098
659,659,659,659,659,2.308,2,0.8,-3.462
660,660,660,660,660,999.432,7,0.2,124.929
661,661,661,661,661,724.08,14,0.2,-135.765
662,662,662,662,662,918.785,5,0.3,-118.1295
663,663,663,663,663,2.724,3,0.8,-4.2222
664,664,664,664,664,459.95,5,0,18.398
665,665,665,665,665,10.74,3,0,5.2626
666,666,666,666,666,23.76,3,0.2,2.079
667,667,667,667,667,85.056,3,0.2,28.7064
668,668,668,668,668,381.576,3,0.2,28.6182
669,669,669,669,669,30.36,5,0.2,8.7285
670,670,670,670,670,23.976,3,0.6,-14.3856
671,671,671,671,671,108.925,1,0.5,-71.8905
672,672,672,672,672,36.352,8,0.2,11.36
673,673,673,673,673,19.56,5,0.2,1.7115
674,674,674,674,674,61.44,3,0,16.5888
675,675,675,675,675,38.9,5,0,17.505
676,676,676,676,676,99.39,3,0,40.7499
677,677,677,677,677,2.688,3,0.8,-7.392
678,678,678,678,678,27.816,3,0.2,4.5201
679,679,679,679,679,82.524,3,0.6,-41.262
680,680,680,680,680,182.994,3,0.8,-320.2395
681,681,681,681,681,14.352,3,0.2,4.6644
682,682,682,682,682,64.96,2,0,2.5984
683,683,683,683,683,68.6,4,0,18.522
684,684,684,684,684,7999.98,4,0.5,-3839.9904
685,685,685,685,685,167.44,2,0.2,14.651
686,686,686,686,686,479.97,3,0,163.1898
687,687,687,687,687,14.62,2,0,6.8714
688,688,688,688,688,19.44,3,0,9.3312
689,689,689,689,689,191.984,2,0.2,4.7996
690,690,690,690,690,104.01,1,0,14.5614
691,691,691,691,691,284.82,1,0,74.0532
692,692,692,692,692,36.84,3,0,10.3152
693,693,693,693,693,166.24,1,0,24.936
694,694,694,694,694,33.4,5,0,16.032
695,695,695,695,695,198.272,8,0.2,17.3488
696,696,696,696,696,47.36,4,0.2,17.76
697,697,697,697,697,200.984,7,0.2,62.8075
698,698,698,698,698,97.696,4,0.2,31.7512
699,699,699,699,699,2.696,1,0.2,0.8088
700,700,700,700,700,18.588,2,0.7,-13.6312
701,701,701,701,701,4.896,3,0.7,-3.4272
702,702,702,702,702,15.072,3,0.2,4.1448
703,703,703,703,703,209.88,3,0,35.6796
704,704,704,704,704,369.912,3,0.2,-13.8717
705,705,705,705,705,10.368,2,0.2,3.6288
706,706,706,706,706,166.84,5,0.2,18.7695
707,707,707,707,707,15.216,1,0.2,2.2824
708,708,708,708,708,119.96,4,0,52.7824
709,709,709,709,709,883.92,5,0.2,-110.49
710,710,710,710,710,46.72,8,0.2,15.768
711,711,711,711,711,55.48,1,0,26.6304
712,712,712,712,712,24.448,4,0.2,8.8624
713,713,713,713,713,281.34,6,0,109.7226
714,714,714,714,714,307.98,2,0,89.3142
715,715,715,715,715,299.97,3,0,113.9886
716,716,716,716,716,19.92,5,0.2,6.972
717,717,717,717,717,9.94,2,0,3.0814
718,718,718,718,718,103.056,3,0.2,24.4758
719,719,719,719,719,59.808,3,0.2,19.4376
720,720,720,720,720,73.32,6,0,21.996
721,721,721,721,721,146.82,3,0,73.41
722,722,722,722,722,1652.94,3,0,231.4116
723,723,723,723,723,296.37,3,0,80.0199
724,724,724,724,724,129.92,5,0.2,21.112
725,725,725,725,725,45.584,7,0.2,5.1282
726,726,726,726,726,17.568,2,0.2,6.3684
727,727,727,727,727,55.992,1,0.2,5.5992
728,728,728,728,728,182.72,8,0,84.0512
729,729,729,729,729,400.032,2,0.4,-153.3456
730,730,730,730,730,33.63,3,0,10.089
731,731,731,731,731,542.646,3,0.1,102.4998
732,732,732,732,732,6.3,2,0,3.024
733,733,733,733,733,242.94,3,0,9.7176
734,734,734,734,734,179.97,3,0,86.3856
735,735,735,735,735,99.696,6,0.2,33.6474
736,736,736,736,736,27.936,4,0.2,9.4284
737,737,737,737,737,84.98,1,0,18.6956
738,738,738,738,738,18.72,5,0.2,6.552
739,739,739,739,739,49.98,2,0,8.4966
740,740,740,740,740,11.784,3,0.2,4.2717
741,741,741,741,741,272.736,3,0.2,-64.7748
742,742,742,742,742,3.54,2,0.8,-5.487
743,743,743,743,743,51.52,5,0.2,-10.948
744,744,744,744,744,3.528,1,0.2,1.1466
745,745,745,745,745,4.624,1,0.2,1.6762
746,746,746,746,746,55.168,4,0.2,6.2064
747,747,747,747,747,567.12,10,0.2,-28.356
748,748,748,748,748,359.32,4,0,7.1864
749,749,749,749,749,11.992,1,0.2,0.8994
750,750,750,750,750,58.05,3,0,26.703
751,751,751,751,751,157.74,11,0,56.7864
752,752,752,752,752,56.98,7,0,22.792
753,753,753,753,753,2.88,1,0,1.4112
754,754,754,754,754,1199.976,3,0.2,374.9925
755,755,755,755,755,79.92,4,0,28.7712
756,756,756,756,756,383.438,4,0.45,-167.3184
757,757,757,757,757,24.56,2,0,6.8768
758,758,758,758,758,119.8,4,0,47.92
759,759,759,759,759,13.128,3,0.2,4.2666
760,760,760,760,760,22.72,4,0,10.224
761,761,761,761,761,58.32,9,0,27.9936
762,762,762,762,762,12.39,3,0,5.6994
763,763,763,763,763,107.982,3,0.4,-26.9955
764,764,764,764,764,11.36,2,0,5.3392
765,765,765,765,765,50.94,3,0,25.47
766,766,766,766,766,646.74,6,0,258.696
767,767,767,767,767,5.64,3,0,2.7072
768,768,768,768,768,572.58,6,0,34.3548
769,769,769,769,769,310.88,2,0.2,23.316
770,770,770,770,770,641.96,2,0,179.7488
771,771,771,771,771,18.28,2,0,9.14
772,772,772,772,772,207,3,0,51.75
773,773,773,773,773,32.35,5,0,16.175
774,774,774,774,774,7.71,1,0,3.4695
775,775,775,775,775,40.3,2,0,10.881
776,776,776,776,776,34.58,7,0,14.5236
777,777,777,777,777,32.76,7,0.2,3.6855
778,778,778,778,778,544.008,3,0.2,40.8006
779,779,779,779,779,59.94,3,0,28.1718
780,780,780,780,780,23.92,4,0,11.7208
781,781,781,781,781,4.28,1,0,1.926
782,782,782,782,782,32.07,5,0.7,-22.449
783,783,783,783,783,24,2,0.2,-2.7
784,784,784,784,784,35.49,1,0.5,-15.6156
785,785,785,785,785,47.984,2,0.2,0.5998
786,786,786,786,786,186.69,3,0,87.7443
787,787,787,787,787,17.456,2,0.2,5.8914
788,788,788,788,788,348.928,2,0.2,34.8928
789,789,789,789,789,143.96,4,0,69.1008
790,790,790,790,790,15.42,1,0,4.1634
791,791,791,791,791,43.04,8,0,21.0896
792,792,792,792,792,332.94,3,0,79.9056
793,793,793,793,793,1363.96,5,0.2,85.2475
794,794,794,794,794,9.96,2,0,4.5816
795,795,795,795,795,21.72,4,0,10.6428
796,796,796,796,796,20.16,7,0,9.8784
797,797,797,797,797,132.79,7,0,63.7392
798,798,798,798,798,12.96,2,0,6.2208
799,799,799,799,799,21.56,7,0,10.3488
800,800,800,800,800,283.92,5,0.2,17.745
801,801,801,801,801,22.23,1,0,7.3359
802,802,802,802,802,215.968,2,0.2,18.8972
803,803,803,803,803,355.32,9,0,99.4896
804,804,804,804,804,12.96,2,0,6.2208
805,805,805,805,805,18.28,2,0,6.2152
806,806,806,806,806,43.176,3,0.2,4.3176
807,807,807,807,807,1983.968,4,0.2,247.996
808,808,808,808,808,28.4,2,0,11.076
809,809,809,809,809,149.97,3,0,50.9898
810,810,810,810,810,11.52,4,0,3.2256
811,811,811,811,811,1298.55,5,0,311.652
812,812,812,812,812,213.92,4,0,62.0368
813,813,813,813,813,25.78,2,0,2.578
814,814,814,814,814,18.28,2,0,6.2152
815,815,815,815,815,1399.93,7,0,601.9699
816,816,816,816,816,51.84,8,0,24.8832
817,817,817,817,817,5.344,1,0.2,1.8704
818,818,818,818,818,41.472,8,0.2,14.5152
819,819,819,819,819,3.168,3,0.7,-2.4288
820,820,820,820,820,1228.465,5,0.3,0
821,821,821,821,821,31.086,3,0.7,-22.7964
822,822,822,822,822,335.52,4,0.2,117.432
823,823,823,823,823,239.97,3,0,71.991
824,824,824,824,824,9.82,2,0,4.8118
825,825,825,825,825,67.8,4,0,4.068
826,826,826,826,826,167.97,3,0,40.3128
827,827,827,827,827,35,7,0,16.8
828,828,828,828,828,37.24,4,0,10.7996
829,829,829,829,829,15.28,2,0,7.4872
830,830,830,830,830,301.96,2,0,90.588
831,831,831,831,831,180.66,3,0,50.5848
832,832,832,832,832,191.98,2,0,51.8346
833,833,833,833,833,65.99,1,0,17.1574
834,834,834,834,834,35.216,2,0.2,2.6412
835,835,835,835,835,23.696,2,0.2,6.5164
836,836,836,836,836,265.475,1,0.5,-111.4995
837,837,837,837,837,51.184,4,0.8,-79.3352
838,838,838,838,838,9.664,2,0.2,3.2616
839,839,839,839,839,21.072,3,0.2,1.5804
840,840,840,840,840,60.45,3,0,16.3215
841,841,841,841,841,11.52,4,0,3.3408
842,842,842,842,842,186.048,4,0.2,9.3024
843,843,843,843,843,37.44,4,0.2,11.7
844,844,844,844,844,26.976,4,0.2,8.7672
845,845,845,845,845,11.36,2,0,3.2944
846,846,846,846,846,14.62,2,0,6.8714
847,847,847,847,847,83.72,7,0,23.4416
848,848,848,848,848,287.94,3,0,77.7438
849,849,849,849,849,48.896,4,0.2,8.5568
850,850,850,850,850,115.36,7,0,49.6048
851,851,851,851,851,5.16,2,0,1.3416
852,852,852,852,852,38.88,6,0,18.6624
853,853,853,853,853,185.88,6,0,50.1876
854,854,854,854,854,44.46,2,0,14.6718
855,855,855,855,855,242.94,3,0,9.7176
856,856,856,856,856,39.96,2,0,18.7812
857,857,857,857,857,102.3,10,0,26.598
858,858,858,858,858,21.36,2,0,5.7672
859,859,859,859,859,7.61,1,0,3.5767
860,860,860,860,860,7.16,2,0,3.58
861,861,861,861,861,7.36,2,0,0.1472
862,862,862,862,862,23.1,2,0,10.626
863,863,863,863,863,191.472,6,0.2,40.6878
864,864,864,864,864,5.248,2,0.2,0.5904
865,865,865,865,865,59.184,2,0.2,5.1786
866,866,866,866,866,2.89,1,0,1.3583
867,867,867,867,867,51.94,1,0,21.2954
868,868,868,868,868,15.936,4,0.2,5.1792
869,869,869,869,869,44.91,6,0.7,-35.928
870,870,870,870,870,1141.47,5,0.7,-760.98
871,871,871,871,871,280.782,3,0.4,-46.797
872,872,872,872,872,34.44,3,0,17.22
873,873,873,873,873,11.36,2,0,5.2256
874,874,874,874,874,106.344,7,0.2,37.2204
875,875,875,875,875,192.16,5,0.2,67.256
876,876,876,876,876,322.59,3,0,64.518
877,877,877,877,877,29.99,1,0,13.1956
878,878,878,878,878,371.97,3,0,66.9546
879,879,879,879,879,5.892,4,0.7,-4.1244
880,880,880,880,880,68.472,3,0.2,23.1093
881,881,881,881,881,1242.9,5,0.1,262.39
882,882,882,882,882,30.84,2,0,8.3268
883,883,883,883,883,13.48,4,0,5.9312
884,884,884,884,884,31.4,5,0,10.048
885,885,885,885,885,17.46,2,0,5.9364
886,886,886,886,886,13.944,3,0.2,4.5318
887,887,887,887,887,83.76,12,0,1.6752
888,888,888,888,888,37.66,7,0,18.4534
889,889,889,889,889,34.68,6,0,16.9932
890,890,890,890,890,149.95,5,0,14.995
891,891,891,891,891,51.312,3,0.2,18.6006
892,892,892,892,892,4.54,1,0,2.043
893,893,893,893,893,15.92,4,0,5.4128
894,894,894,894,894,543.92,8,0,135.98
895,895,895,895,895,155.82,7,0,42.0714
896,896,896,896,896,70.008,3,0.2,24.5028
897,897,897,897,897,15.648,2,0.2,5.0856
898,898,898,898,898,103.6,7,0,51.8
899,899,899,899,899,46.96,8,0,22.5408
900,900,900,900,900,8.904,2,0.7,-6.5296
901,901,901,901,901,10.44,5,0.2,3.393
902,902,902,902,902,18.336,4,0.8,-32.088
903,903,903,903,903,323.976,3,0.2,20.2485
904,904,904,904,904,20.04,3,0,9.6192
905,905,905,905,905,64.96,2,0,2.5984
906,906,906,906,906,12.96,2,0,6.2208
907,907,907,907,907,323.136,4,0.2,12.1176
908,908,908,908,908,90.93,7,0,2.7279
909,909,909,909,909,52.776,3,0.2,19.791
910,910,910,910,910,1199.8,4,0,323.946
911,911,911,911,911,1928.78,7,0,829.3754
912,912,912,912,912,352.38,2,0,81.0474
913,913,913,913,913,22.2,6,0,9.102
914,914,914,914,914,46.94,1,0,19.2454
915,915,915,915,915,143.73,9,0,56.0547
916,916,916,916,916,99.918,2,0.3,-18.5562
917,917,917,917,917,797.944,4,0.3,-56.996
918,918,918,918,918,8.568,3,0.8,-14.5656
919,919,919,919,919,149.352,3,0.2,50.4063
920,920,920,920,920,12.992,1,0.2,-0.812
921,921,921,921,921,24.56,2,0,6.8768
922,922,922,922,922,85.14,3,0,34.9074
923,923,923,923,923,21.99,1,0,10.5552
924,924,924,924,924,406.6,5,0,113.848
925,925,925,925,925,841.568,2,0.2,294.5488
926,926,926,926,926,15.552,3,0.2,5.4432
927,927,927,927,927,252,5,0.2,53.55
928,928,928,928,928,46.2,4,0,12.936
929,929,929,929,929,28.84,2,0,9.5172
930,930,930,930,930,14.592,3,0.2,2.5536
931,931,931,931,931,89.856,3,0.2,21.3408
932,932,932,932,932,13.872,3,0.2,5.0286
933,933,933,933,933,12.192,3,0.2,4.1148
934,934,934,934,934,45.056,8,0.2,15.2064
935,935,935,935,935,29.718,6,0.7,-21.7932
936,936,936,936,936,15.552,3,0.2,5.4432
937,937,937,937,937,447.696,2,0.2,33.5772
938,938,938,938,938,159.99,1,0,54.3966
939,939,939,939,939,12.96,2,0,6.2208
940,940,940,940,940,134.48,4,0,34.9648
941,941,941,941,941,17.12,2,0,8.0464
942,942,942,942,942,6.096,2,0.2,2.2098
943,943,943,943,943,1114.272,4,0.2,41.7852
944,944,944,944,944,32.4,5,0,15.552
945,945,945,945,945,540.57,3,0,140.5482
946,946,946,946,946,167.76,5,0.2,62.91
947,947,947,947,947,393.165,3,0.5,-204.4458
948,948,948,948,948,516.488,7,0.2,-12.9122
949,949,949,949,949,1007.232,6,0.2,75.5424
950,950,950,950,950,2065.32,12,0.4,-619.596
951,951,951,951,951,15.552,3,0.2,5.4432
952,952,952,952,952,25.344,6,0.2,7.92
953,953,953,953,953,25.472,4,0.2,7.6416
954,954,954,954,954,27.168,2,0.2,2.7168
955,955,955,955,955,78.8528,2,0.32,-11.596
956,956,956,956,956,173.8,5,0,43.45
957,957,957,957,957,29.592,1,0.2,2.5893
958,958,958,958,958,4.752,2,0.7,-3.168
959,959,959,959,959,15.552,3,0.2,5.6376
960,960,960,960,960,204.6,2,0,53.196
961,961,961,961,961,321.568,2,0.2,28.1372
962,962,962,962,962,6.24,2,0,3.0576
963,963,963,963,963,21.88,2,0,10.94
964,964,964,964,964,4.608,2,0.2,1.6704
965,965,965,965,965,9.82,2,0,4.8118
966,966,966,966,966,35.97,3,0,9.7119
967,967,967,967,967,12.96,2,0,6.2208
968,968,968,968,968,191.6,4,0,91.968
969,969,969,969,969,8.64,3,0,4.2336
970,970,970,970,970,501.81,3,0,0
971,971,971,971,971,127.104,6,0.2,28.5984
972,972,972,972,972,124.2,3,0.4,-31.05
973,973,973,973,973,18.588,2,0.7,-13.6312
974,974,974,974,974,30.072,3,0.2,10.1493
975,975,975,975,975,160.93,7,0,3.2186
976,976,976,976,976,75.792,3,0.2,25.5798
977,977,977,977,977,1.08,2,0.7,-0.792
978,978,978,978,978,3059.982,2,0.1,679.996
979,979,979,979,979,3.282,2,0.7,-2.6256
980,980,980,980,980,34.02,3,0,16.6698
981,981,981,981,981,599.292,6,0.1,93.2232
982,982,982,982,982,3.392,1,0.2,0.8056
983,983,983,983,983,559.984,2,0.2,55.9984
984,984,984,984,984,603.92,5,0.2,75.49
985,985,985,985,985,7.968,2,0.2,2.5896
986,986,986,986,986,27.968,4,0.2,9.4392
987,987,987,987,987,336.51,3,0.4,44.868
988,988,988,988,988,1.112,2,0.8,-1.8904
989,989,989,989,989,520.05,5,0,72.807
990,990,990,990,990,17.97,3,0,5.2113
991,991,991,991,991,1166.92,5,0.2,131.2785
992,992,992,992,992,14.624,2,0.2,5.484
993,993,993,993,993,10.23,3,0,4.9104
994,994,994,994,994,154.9,5,0,69.705
995,995,995,995,995,2715.93,7,0,1276.4871
996,996,996,996,996,617.97,3,0,173.0316
997,997,997,997,997,10.67,1,0,4.9082
998,998,998,998,998,36.63,3,0,9.8901
999,999,999,999,999,24.1,5,0,9.158
1000,1000,1000,1000,1000,33.11,7,0,12.9129
1001,1001,1001,1001,1001,44.02,2,0,11.4452
1002,1002,1002,1002,1002,2309.65,7,0,762.1845
1003,1003,1003,1003,1003,1090.782,7,0.4,-290.8752
1004,1004,1004,1004,1004,19.44,3,0,9.3312
1005,1005,1005,1005,1005,484.65,3,0,92.0835
1006,1006,1006,1006,1006,115.296,3,0.2,40.3536
1007,1007,1007,1007,1007,7.08,3,0.2,2.478
1008,1008,1008,1008,1008,4.401,3,0.7,-3.5208
1009,1009,1009,1009,1009,44.75,5,0,20.585
